<rdf:RDF xmlns:align="http://knowledgeweb.semanticweb.org/heterogeneity/alignment#" xmlns:xsd="http://www.w3.org/2001/XMLSchema#" xmlns:rdf="http://www.w3.org/1999/02/22-rdf-syntax-ns#" xmlns="http://knowledgeweb.semanticweb.org/heterogeneity/alignment#">
  <Alignment>
    <map>
      <Cell>
        <entity1 rdf:resource="http://www.okkam.org/oaie/person1-person2360"/>
        <entity2 rdf:resource="http://www.okkam.org/oaie/person2-person6153"/>
        <relation>=</relation>
        <measure rdf:datatype="http://www.w3.org/2001/XMLSchema#float">0.0</measure>
      </Cell>
    </map>
    <map>
      <Cell>
        <entity1 rdf:resource="http://www.okkam.org/oaie/person1-person3850"/>
        <entity2 rdf:resource="http://www.okkam.org/oaie/person2-person6318"/>
        <relation>=</relation>
        <measure rdf:datatype="http://www.w3.org/2001/XMLSchema#float">0.0</measure>
      </Cell>
    </map>
    <map>
      <Cell>
        <entity1 rdf:resource="http://www.okkam.org/oaie/person1-person770"/>
        <entity2 rdf:resource="http://www.okkam.org/oaie/person2-person6475"/>
        <relation>=</relation>
        <measure rdf:datatype="http://www.w3.org/2001/XMLSchema#float">0.0</measure>
      </Cell>
    </map>
    <map>
      <Cell>
        <entity1 rdf:resource="http://www.okkam.org/oaie/person1-person2220"/>
        <entity2 rdf:resource="http://www.okkam.org/oaie/person2-person6138"/>
        <relation>=</relation>
        <measure rdf:datatype="http://www.w3.org/2001/XMLSchema#float">0.0</measure>
      </Cell>
    </map>
    <map>
      <Cell>
        <entity1 rdf:resource="http://www.okkam.org/oaie/person1-person2300"/>
        <entity2 rdf:resource="http://www.okkam.org/oaie/person2-person6146"/>
        <relation>=</relation>
        <measure rdf:datatype="http://www.w3.org/2001/XMLSchema#float">0.0</measure>
      </Cell>
    </map>
    <map>
      <Cell>
        <entity1 rdf:resource="http://www.okkam.org/oaie/person1-person4770"/>
        <entity2 rdf:resource="http://www.okkam.org/oaie/person2-person6420"/>
        <relation>=</relation>
        <measure rdf:datatype="http://www.w3.org/2001/XMLSchema#float">0.0</measure>
      </Cell>
    </map>
    <map>
      <Cell>
        <entity1 rdf:resource="http://www.okkam.org/oaie/person1-person1060"/>
        <entity2 rdf:resource="http://www.okkam.org/oaie/person2-person6008"/>
        <relation>=</relation>
        <measure rdf:datatype="http://www.w3.org/2001/XMLSchema#float">0.0</measure>
      </Cell>
    </map>
    <map>
      <Cell>
        <entity1 rdf:resource="http://www.okkam.org/oaie/person1-person4590"/>
        <entity2 rdf:resource="http://www.okkam.org/oaie/person2-person6400"/>
        <relation>=</relation>
        <measure rdf:datatype="http://www.w3.org/2001/XMLSchema#float">0.0</measure>
      </Cell>
    </map>
    <map>
      <Cell>
        <entity1 rdf:resource="http://www.okkam.org/oaie/person1-person3640"/>
        <entity2 rdf:resource="http://www.okkam.org/oaie/person2-person6295"/>
        <relation>=</relation>
        <measure rdf:datatype="http://www.w3.org/2001/XMLSchema#float">0.0</measure>
      </Cell>
    </map>
    <map>
      <Cell>
        <entity1 rdf:resource="http://www.okkam.org/oaie/person1-person4070"/>
        <entity2 rdf:resource="http://www.okkam.org/oaie/person2-person6342"/>
        <relation>=</relation>
        <measure rdf:datatype="http://www.w3.org/2001/XMLSchema#float">0.0</measure>
      </Cell>
    </map>
    <map>
      <Cell>
        <entity1 rdf:resource="http://www.okkam.org/oaie/person1-person2080"/>
        <entity2 rdf:resource="http://www.okkam.org/oaie/person2-person6121"/>
        <relation>=</relation>
        <measure rdf:datatype="http://www.w3.org/2001/XMLSchema#float">0.0</measure>
      </Cell>
    </map>
    <map>
      <Cell>
        <entity1 rdf:resource="http://www.okkam.org/oaie/person1-person3760"/>
        <entity2 rdf:resource="http://www.okkam.org/oaie/person2-person6308"/>
        <relation>=</relation>
        <measure rdf:datatype="http://www.w3.org/2001/XMLSchema#float">0.0</measure>
      </Cell>
    </map>
    <map>
      <Cell>
        <entity1 rdf:resource="http://www.okkam.org/oaie/person1-person2380"/>
        <entity2 rdf:resource="http://www.okkam.org/oaie/person2-person6155"/>
        <relation>=</relation>
        <measure rdf:datatype="http://www.w3.org/2001/XMLSchema#float">0.0</measure>
      </Cell>
    </map>
    <map>
      <Cell>
        <entity1 rdf:resource="http://www.okkam.org/oaie/person1-person1730"/>
        <entity2 rdf:resource="http://www.okkam.org/oaie/person2-person6083"/>
        <relation>=</relation>
        <measure rdf:datatype="http://www.w3.org/2001/XMLSchema#float">0.0</measure>
      </Cell>
    </map>
    <map>
      <Cell>
        <entity1 rdf:resource="http://www.okkam.org/oaie/person1-person2110"/>
        <entity2 rdf:resource="http://www.okkam.org/oaie/person2-person6126"/>
        <relation>=</relation>
        <measure rdf:datatype="http://www.w3.org/2001/XMLSchema#float">0.0</measure>
      </Cell>
    </map>
    <map>
      <Cell>
        <entity1 rdf:resource="http://www.okkam.org/oaie/person1-person3120"/>
        <entity2 rdf:resource="http://www.okkam.org/oaie/person2-person6238"/>
        <relation>=</relation>
        <measure rdf:datatype="http://www.w3.org/2001/XMLSchema#float">0.0</measure>
      </Cell>
    </map>
    <map>
      <Cell>
        <entity1 rdf:resource="http://www.okkam.org/oaie/person1-person290"/>
        <entity2 rdf:resource="http://www.okkam.org/oaie/person2-person6213"/>
        <relation>=</relation>
        <measure rdf:datatype="http://www.w3.org/2001/XMLSchema#float">0.0</measure>
      </Cell>
    </map>
    <map>
      <Cell>
        <entity1 rdf:resource="http://www.okkam.org/oaie/person1-person1070"/>
        <entity2 rdf:resource="http://www.okkam.org/oaie/person2-person6009"/>
        <relation>=</relation>
        <measure rdf:datatype="http://www.w3.org/2001/XMLSchema#float">0.0</measure>
      </Cell>
    </map>
    <map>
      <Cell>
        <entity1 rdf:resource="http://www.okkam.org/oaie/person1-person3080"/>
        <entity2 rdf:resource="http://www.okkam.org/oaie/person2-person6027"/>
        <relation>!=</relation>
        <measure rdf:datatype="http://www.w3.org/2001/XMLSchema#float">0.0</measure>
      </Cell>
    </map>
    <map>
      <Cell>
        <entity1 rdf:resource="http://www.okkam.org/oaie/person1-person4040"/>
        <entity2 rdf:resource="http://www.okkam.org/oaie/person2-person6339"/>
        <relation>!=</relation>
        <measure rdf:datatype="http://www.w3.org/2001/XMLSchema#float">0.0</measure>
      </Cell>
    </map>
    <map>
      <Cell>
        <entity1 rdf:resource="http://www.okkam.org/oaie/person1-person3310"/>
        <entity2 rdf:resource="http://www.okkam.org/oaie/person2-person6486"/>
        <relation>!=</relation>
        <measure rdf:datatype="http://www.w3.org/2001/XMLSchema#float">0.0</measure>
      </Cell>
    </map>
    <map>
      <Cell>
        <entity1 rdf:resource="http://www.okkam.org/oaie/person1-person1950"/>
        <entity2 rdf:resource="http://www.okkam.org/oaie/person2-person6027"/>
        <relation>!=</relation>
        <measure rdf:datatype="http://www.w3.org/2001/XMLSchema#float">0.0</measure>
      </Cell>
    </map>
    <map>
      <Cell>
        <entity1 rdf:resource="http://www.okkam.org/oaie/person1-person870"/>
        <entity2 rdf:resource="http://www.okkam.org/oaie/person2-person6259"/>
        <relation>!=</relation>
        <measure rdf:datatype="http://www.w3.org/2001/XMLSchema#float">0.0</measure>
      </Cell>
    </map>
    <map>
      <Cell>
        <entity1 rdf:resource="http://www.okkam.org/oaie/person1-person2920"/>
        <entity2 rdf:resource="http://www.okkam.org/oaie/person2-person6337"/>
        <relation>!=</relation>
        <measure rdf:datatype="http://www.w3.org/2001/XMLSchema#float">0.0</measure>
      </Cell>
    </map>
    <map>
      <Cell>
        <entity1 rdf:resource="http://www.okkam.org/oaie/person1-person2660"/>
        <entity2 rdf:resource="http://www.okkam.org/oaie/person2-person6488"/>
        <relation>!=</relation>
        <measure rdf:datatype="http://www.w3.org/2001/XMLSchema#float">0.0</measure>
      </Cell>
    </map>
    <map>
      <Cell>
        <entity1 rdf:resource="http://www.okkam.org/oaie/person1-person4020"/>
        <entity2 rdf:resource="http://www.okkam.org/oaie/person2-person6215"/>
        <relation>!=</relation>
        <measure rdf:datatype="http://www.w3.org/2001/XMLSchema#float">0.0</measure>
      </Cell>
    </map>
    <map>
      <Cell>
        <entity1 rdf:resource="http://www.okkam.org/oaie/person1-person1220"/>
        <entity2 rdf:resource="http://www.okkam.org/oaie/person2-person6107"/>
        <relation>!=</relation>
        <measure rdf:datatype="http://www.w3.org/2001/XMLSchema#float">0.0</measure>
      </Cell>
    </map>
    <map>
      <Cell>
        <entity1 rdf:resource="http://www.okkam.org/oaie/person1-person930"/>
        <entity2 rdf:resource="http://www.okkam.org/oaie/person2-person6492"/>
        <relation>!=</relation>
        <measure rdf:datatype="http://www.w3.org/2001/XMLSchema#float">0.0</measure>
      </Cell>
    </map>
    <map>
      <Cell>
        <entity1 rdf:resource="http://www.okkam.org/oaie/person1-person2670"/>
        <entity2 rdf:resource="http://www.okkam.org/oaie/person2-person6390"/>
        <relation>!=</relation>
        <measure rdf:datatype="http://www.w3.org/2001/XMLSchema#float">0.0</measure>
      </Cell>
    </map>
    <map>
      <Cell>
        <entity1 rdf:resource="http://www.okkam.org/oaie/person1-person980"/>
        <entity2 rdf:resource="http://www.okkam.org/oaie/person2-person6496"/>
        <relation>!=</relation>
        <measure rdf:datatype="http://www.w3.org/2001/XMLSchema#float">0.0</measure>
      </Cell>
    </map>
    <map>
      <Cell>
        <entity1 rdf:resource="http://www.okkam.org/oaie/person1-person4500"/>
        <entity2 rdf:resource="http://www.okkam.org/oaie/person2-person6187"/>
        <relation>!=</relation>
        <measure rdf:datatype="http://www.w3.org/2001/XMLSchema#float">0.0</measure>
      </Cell>
    </map>
    <map>
      <Cell>
        <entity1 rdf:resource="http://www.okkam.org/oaie/person1-person1220"/>
        <entity2 rdf:resource="http://www.okkam.org/oaie/person2-person6232"/>
        <relation>!=</relation>
        <measure rdf:datatype="http://www.w3.org/2001/XMLSchema#float">0.0</measure>
      </Cell>
    </map>
    <map>
      <Cell>
        <entity1 rdf:resource="http://www.okkam.org/oaie/person1-person890"/>
        <entity2 rdf:resource="http://www.okkam.org/oaie/person2-person6186"/>
        <relation>!=</relation>
        <measure rdf:datatype="http://www.w3.org/2001/XMLSchema#float">0.0</measure>
      </Cell>
    </map>
    <map>
      <Cell>
        <entity1 rdf:resource="http://www.okkam.org/oaie/person1-person980"/>
        <entity2 rdf:resource="http://www.okkam.org/oaie/person2-person6494"/>
        <relation>!=</relation>
        <measure rdf:datatype="http://www.w3.org/2001/XMLSchema#float">0.0</measure>
      </Cell>
    </map>
  </Alignment>
</rdf:RDF>
