<Interlink id="MyLink">
        <SourceDataset dataSource="Person11" var="a" typeUri="http://www.okkam.org/oaie/person1-Person">
        <RestrictTo>
          
        </RestrictTo>
      </SourceDataset>
        <TargetDataset dataSource="Person12" var="b" typeUri="http://www.okkam.org/oaie/person2-Person">
        <RestrictTo>
          
        </RestrictTo>
      </TargetDataset>
        <LinkageRule linkType="&lt;http://www.w3.org/2002/07/owl#sameAs&gt;">
        <Aggregate id="max1" required="false" weight="1" type="max">
            <Compare id="levenshtein1" required="false" weight="1" metric="levenshtein" threshold="0.2" indexing="true">
            <Input id="sourcePath1" path="/&lt;ontology_base:soc_sec_id&gt;"/><Input id="targetPath1" path="/&lt;ontology_base:soc_sec_id&gt;"/><Param name="minChar" value="0"/><Param name="maxChar" value="z"/>
          </Compare><Aggregate id="average2" required="false" weight="1" type="average">
            <Aggregate id="average3" required="false" weight="1" type="average">
            <Compare id="levenshtein3" required="false" weight="1" metric="levenshtein" threshold="0.0" indexing="true">
            <Input id="sourcePath4" path="/&lt;ontology_base:given_name&gt;"/><Input id="targetPath4" path="/&lt;ontology_base:given_name&gt;"/><Param name="minChar" value="0"/><Param name="maxChar" value="z"/>
          </Compare><Compare id="num1" required="false" weight="1" metric="num" threshold="0.1" indexing="true">
            <Input id="sourcePath5" path="/&lt;ontology_base:age&gt;"/><Input id="targetPath5" path="/&lt;ontology_base:age&gt;"/><Param name="minValue" value="-Infinity"/><Param name="maxValue" value="Infinity"/>
          </Compare>
          </Aggregate><Aggregate id="average1" required="false" weight="1" type="average">
            <Compare id="jaro1" required="false" weight="1" metric="jaro" threshold="0.1" indexing="true">
            <Input id="sourcePath2" path="/&lt;ontology_base:soc_sec_id&gt;"/><Input id="targetPath2" path="/&lt;ontology_base:soc_sec_id&gt;"/>
          </Compare><Compare id="levenshtein2" required="false" weight="1" metric="levenshtein" threshold="0.2" indexing="true">
            <Input id="sourcePath3" path="/&lt;ontology_base:soc_sec_id&gt;"/><Input id="targetPath3" path="/&lt;ontology_base:soc_sec_id&gt;"/><Param name="minChar" value="0"/><Param name="maxChar" value="z"/>
          </Compare>
          </Aggregate>
          </Aggregate>
          </Aggregate>
        <Filter/>
      </LinkageRule>
        <Outputs>
          
        </Outputs>
      </Interlink>