<Interlink id="MyLink">
        <SourceDataset dataSource="Person11" var="a" typeUri="http://www.okkam.org/oaie/person1-Person">
        <RestrictTo>
          
        </RestrictTo>
      </SourceDataset>
        <TargetDataset dataSource="Person12" var="b" typeUri="http://www.okkam.org/oaie/person2-Person">
        <RestrictTo>
          
        </RestrictTo>
      </TargetDataset>
        <LinkageRule linkType="&lt;http://www.w3.org/2002/07/owl#sameAs&gt;">
        <Aggregate id="max1" required="false" weight="1" type="max">
            <Aggregate id="min1" required="false" weight="1" type="min">
            <Aggregate id="max2" required="false" weight="1" type="max">
            <Compare id="jaro2" required="false" weight="1" metric="jaro" threshold="0.1" indexing="true">
            <TransformInput id="replace3" function="replace">
            <Input id="sourcePath4" path="/&lt;ontology_base:phone_number&gt;"/>
            <Param name="search" value=" "/><Param name="replace" value=""/>
          </TransformInput><TransformInput id="replace4" function="replace">
            <Input id="targetPath4" path="/&lt;ontology_base:phone_number&gt;"/>
            <Param name="search" value="_"/><Param name="replace" value=""/>
          </TransformInput>
          </Compare><Compare id="levenshtein1" required="false" weight="1" metric="levenshtein" threshold="0.2" indexing="true">
            <TransformInput id="replace2" function="replace">
            <Input id="sourcePath1" path="/&lt;ontology_base:phone_number&gt;"/>
            <Param name="search" value=" "/><Param name="replace" value=""/>
          </TransformInput><TransformInput id="replace1" function="replace">
            <Input id="targetPath1" path="/&lt;ontology_base:phone_number&gt;"/>
            <Param name="search" value="_"/><Param name="replace" value=""/>
          </TransformInput><Param name="minChar" value="0"/><Param name="maxChar" value="z"/>
          </Compare>
          </Aggregate><Compare id="levenshtein2" required="false" weight="2" metric="levenshtein" threshold="0.2" indexing="true">
            <Input id="sourcePath3" path="/&lt;ontology_base:soc_sec_id&gt;"/><Input id="targetPath3" path="/&lt;ontology_base:soc_sec_id&gt;"/><Param name="minChar" value="0"/><Param name="maxChar" value="z"/>
          </Compare>
          </Aggregate><Compare id="levenshtein3" required="false" weight="1" metric="levenshtein" threshold="0.2" indexing="true">
            <Input id="sourcePath5" path="/&lt;ontology_base:soc_sec_id&gt;"/><Input id="targetPath5" path="/&lt;ontology_base:soc_sec_id&gt;"/><Param name="minChar" value="0"/><Param name="maxChar" value="z"/>
          </Compare>
          </Aggregate>
        <Filter/>
      </LinkageRule>
        <Outputs>
          
        </Outputs>
      </Interlink>