<Pair>
  <Source>
    <EntityDescription>
      <Type>http://www.okkam.org/oaie/person1-Person</Type>
      <Restriction></Restriction>
      <Paths>
        <Path>/&lt;http://www.w3.org/1999/02/22-rdf-syntax-ns#type&gt;</Path>
        <Path>/&lt;ontology_base:soc_sec_id&gt;</Path>
        <Path>/&lt;ontology_base:given_name&gt;</Path>
        <Path>/&lt;ontology_base:surname&gt;</Path>
        <Path>/&lt;ontology_base:phone_number&gt;</Path>
        <Path>/&lt;ontology_base:age&gt;</Path>
      </Paths>
    </EntityDescription>
  </Source>
  <Target>
    <EntityDescription>
      <Type>http://www.okkam.org/oaie/person2-Person</Type>
      <Restriction></Restriction>
      <Paths>
        <Path>/&lt;http://www.w3.org/1999/02/22-rdf-syntax-ns#type&gt;</Path>
        <Path>/&lt;ontology_base:soc_sec_id&gt;</Path>
        <Path>/&lt;ontology_base:given_name&gt;</Path>
        <Path>/&lt;ontology_base:surname&gt;</Path>
        <Path>/&lt;ontology_base:phone_number&gt;</Path>
        <Path>/&lt;ontology_base:age&gt;</Path>
      </Paths>
    </EntityDescription>
  </Target>
</Pair>
